<?xml version="1.0" encoding="utf-8" standalone="yes"?>
<Questionare>
    <Item>
        <ID>1</ID>
        <Question>Đây là cầu thủ nào ? </Question>
        <AnswerA>Son Heung Min </AnswerA>
        <AnswerB>Messi</AnswerB>
        <AnswerC>Ronaldo</AnswerC>
        <AnswerD>Nguyễn Công Phượng</AnswerD>
        <Answer>A</Answer>
    </Item>
    <Item>
        <ID>2</ID>
        <Question>Đây là cầu thủ nào ? </Question>
        <AnswerA>Son Heung Min </AnswerA>
        <AnswerB>Messi</AnswerB>
        <AnswerC>Ronaldo</AnswerC>
        <AnswerD>Nguyễn Công Phượng</AnswerD>
        <Answer>B</Answer>
    </Item>
    <Item>
        <ID>3</ID>
        <Question>Đây là cầu thủ nào ? </Question>
        <AnswerA>Son Heung Min </AnswerA>
        <AnswerB>Messi</AnswerB>
        <AnswerC>Ronaldo</AnswerC>
        <AnswerD>Nguyễn Công Phượng</AnswerD>
        <Answer>C</Answer>
    </Item>
    <Item>
        <ID>4</ID>
        <Question>Đây là cầu thủ nào ? </Question>
        <AnswerA>Son Heung Min </AnswerA>
        <AnswerB>Messi</AnswerB>
        <AnswerC>Ronaldo</AnswerC>
        <AnswerD>Nguyễn Công Phượng</AnswerD>
        <Answer>D</Answer>
    </Item>
    <Item>
        <ID>5</ID>
        <Question>Đây là cầu thủ nào ? </Question>
        <AnswerA>Cristina Ronaldo </AnswerA>
        <AnswerB>Umtiti</AnswerB>
        <AnswerC>Rivaldo</AnswerC>
        <AnswerD>Iker Casillas</AnswerD>
        <Answer>A</Answer>
    </Item>
    <Item>
        <ID>5</ID>
        <Question>Đây là cầu thủ nào ? </Question>
        <AnswerA>Cristina Ronaldo </AnswerA>
        <AnswerB>Umtiti</AnswerB>
        <AnswerC>Rivaldo</AnswerC>
        <AnswerD>Iker Casillas</AnswerD>
        <Answer>C</Answer>
    </Item>
    <Item>
        <ID>6</ID>
        <Question>Đây là cầu thủ nào ? </Question>
        <AnswerA>Cristina Ronaldo </AnswerA>
        <AnswerB>Umtiti</AnswerB>
        <AnswerC>Rivaldo</AnswerC>
        <AnswerD>Iker Casillas</AnswerD>
        <Answer>B</Answer>
    </Item>
    <Item>
        <ID>7</ID>
        <Question>Đây là cầu thủ nào ? </Question>
        <AnswerA>Cristina Ronaldo </AnswerA>
        <AnswerB>Umtiti</AnswerB>
        <AnswerC>Rivaldo</AnswerC>
        <AnswerD>Iker Casillas</AnswerD>
        <Answer>D</Answer>
    </Item>
    <Item>
        <ID>8</ID>
        <Question>Đây là cầu thủ nào ? </Question>
        <AnswerA>Park ji Sung </AnswerA>
        <AnswerB>Kagawa</AnswerB>
        <AnswerC>Tony Kross</AnswerC>
        <AnswerD>Nguyễn Văn Toàn</AnswerD>
        <Answer>D</Answer>
    </Item>
    <Item>
        <ID>9</ID>
        <Question>Đây là cầu thủ nào ? </Question>
        <AnswerA>Park ji Sung </AnswerA>
        <AnswerB>Kagawa</AnswerB>
        <AnswerC>Tony Kross</AnswerC>
        <AnswerD>Nguyễn Văn Toàn</AnswerD>
        <Answer>A</Answer>
    </Item>
    <Item>
        <ID>10</ID>
        <Question>Đây là cầu thủ nào ? </Question>
        <AnswerA>Park ji Sung </AnswerA>
        <AnswerB>Kagawa</AnswerB>
        <AnswerC>Tony Kross</AnswerC>
        <AnswerD>Nguyễn Văn Toàn</AnswerD>
        <Answer>C</Answer>
    </Item>
    <Item>
        <ID>11</ID>
        <AnswerA>Park ji Sung </AnswerA>
        <AnswerB>Kagawa</AnswerB>
        <AnswerC>Tony Kross</AnswerC>
        <AnswerD>Nguyễn Văn Toàn</AnswerD>
        <Answer>B</Answer>
    </Item>
    <Item>
        <ID>12</ID>
        <Question>Đây là cầu thủ nào ? </Question>
        <AnswerA>Timo Wenner </AnswerA>
        <AnswerB>David  Beckham</AnswerB>
        <AnswerC>Neymar</AnswerC>
        <AnswerD>Van de Sar </AnswerD>
        <Answer>A</Answer>
    </Item>
    <Item>
        <ID>13</ID>
        <Question>Đây là cầu thủ nào ? </Question>
        <AnswerA>Timo Wenner </AnswerA>
        <AnswerB>David  Beckham</AnswerB>
        <AnswerC>Neymar</AnswerC>
        <AnswerD>Van de Sar </AnswerD>
        <Answer>C</Answer>
    </Item>
    <Item>
        <ID>14</ID>
        <Question>Đây là cầu thủ nào ? </Question>
        <AnswerA>Timo Wenner </AnswerA>
        <AnswerB>David  Beckham</AnswerB>
        <AnswerC>Neymar</AnswerC>
        <AnswerD>Van de Sar </AnswerD>
        <Answer>B</Answer>
    </Item>
    <Item>
        <ID>15</ID>
        <Question>Đây là cầu thủ nào ? </Question>
        <AnswerA>Timo Wenner </AnswerA>
        <AnswerB>David  Beckham</AnswerB>
        <AnswerC>Neymar</AnswerC>
        <AnswerD>Van de Sar </AnswerD>
        <Answer>D</Answer>
    </Item>
    <Item>
        <ID>16</ID>
        <Question>Đây là cầu thủ nào ? </Question>
        <AnswerA>Nguyễn Quang Hải </AnswerA>
        <AnswerB>Văn Thanh</AnswerB>
        <AnswerC>Nguyễn Xuân Trường </AnswerC>
        <AnswerD>Lê Công Vinh</AnswerD>
        <Answer>A</Answer>
    </Item>
    <Item>
        <ID>17</ID>
        <Question>Đây là cầu thủ nào ? </Question>
        <AnswerA>Nguyễn Quang Hải </AnswerA>
        <AnswerB>Văn Thanh</AnswerB>
        <AnswerC>Nguyễn Xuân Trường </AnswerC>
        <AnswerD>Lê Công Vinh</AnswerD>
        <Answer>D</Answer>
    </Item>
    <Item>
        <ID>18</ID>
        <Question>Đây là cầu thủ nào ? </Question>
        <AnswerA>Nguyễn Quang Hải </AnswerA>
        <AnswerB>Văn Thanh</AnswerB>
        <AnswerC>Nguyễn Xuân Trường </AnswerC>
        <AnswerD>Lê Công Vinh</AnswerD>
        <Answer>B</Answer>
    </Item>
    <Item>
        <ID>19</ID>
        <Question>Đây là cầu thủ nào ? </Question>
        <AnswerA>Nguyễn Quang Hải </AnswerA>
        <AnswerB>Văn Thanh</AnswerB>
        <AnswerC>Nguyễn Xuân Trường </AnswerC>
        <AnswerD>Lê Công Vinh</AnswerD>
        <Answer>C</Answer>
    </Item>
    <Item>
        <ID>20</ID>
        <Question>Đây là cầu thủ nào ? </Question>
        <AnswerA>Jesse Lingard </AnswerA>
        <AnswerB>David de Gea</AnswerB>
        <AnswerC>Phil Foden</AnswerC>
        <AnswerD>Paul Pogba</AnswerD>
        <Answer>D</Answer>
    </Item>
    <Item>
        <ID>21</ID>
        <Question>Đây là cầu thủ nào ? </Question>
        <AnswerA>Jesse Lingard </AnswerA>
        <AnswerB>David de Gea</AnswerB>
        <AnswerC>Phil Foden</AnswerC>
        <AnswerD>Paul Pogba</AnswerD>
        <Answer>A</Answer>
    </Item>
    <Item>
        <ID>22</ID>
        <Question>Đây là cầu thủ nào ? </Question>
        <AnswerA>Jesse Lingard </AnswerA>
        <AnswerB>David de Gea</AnswerB>
        <AnswerC>Phil Foden</AnswerC>
        <AnswerD>Paul Pogba</AnswerD>
        <Answer>B</Answer>
    </Item>
    <Item>
        <ID>23</ID>
        <Question>Đây là cầu thủ nào ? </Question>
        <AnswerA>Jesse Lingard </AnswerA>
        <AnswerB>David de Gea</AnswerB>
        <AnswerC>Phil Foden</AnswerC>
        <AnswerD>Paul Pogba</AnswerD>
        <Answer>C</Answer>
    </Item>
    <Item>
        <ID>24</ID>
        <Question>Đây là cầu thủ nào ? </Question>
        <AnswerA>Paulo Dybala </AnswerA>
        <AnswerB>Gozalo Higuain</AnswerB>
        <AnswerC>Andrea Pirlo</AnswerC>
        <AnswerD>Kylian Mbappe</AnswerD>
        <Answer>A</Answer>
    </Item>
    <Item>
        <ID>25</ID>
        <Question>Đây là cầu thủ nào ? </Question>
        <AnswerA>Paulo Dybala </AnswerA>
        <AnswerB>Gozalo Higuain</AnswerB>
        <AnswerC>Andrea Pirlo</AnswerC>
        <AnswerD>Kylian Mbappe</AnswerD>
        <Answer>D</Answer>
    </Item>
    <Item>
        <ID>26</ID>
        <Question>Đây là cầu thủ nào ? </Question>
        <AnswerA>Paulo Dybala </AnswerA>
        <AnswerB>Gozalo Higuain</AnswerB>
        <AnswerC>Andrea Pirlo</AnswerC>
        <AnswerD>Kylian Mbappe</AnswerD>
        <Answer>C</Answer>
    </Item>
    <Item>
        <ID>26</ID>
        <Question>Đây là cầu thủ nào ? </Question>
        <AnswerA>Paulo Dybala </AnswerA>
        <AnswerB>Gozalo Higuain</AnswerB>
        <AnswerC>Andrea Pirlo</AnswerC>
        <AnswerD>Kylian Mbappe</AnswerD>
        <Answer>B</Answer>
    </Item>



</Questionare>